51,42011-2586731-9,Sara Ali,1992-02-15,sara.ali@example.com,03010011223,Female,Pakistani,Active,2023-01-05,hashedpassword1
52,42011-2586732-7,Ahmed Khan,1987-03-25,ahmed.khan@example.com,03010011224,Male,Pakistani,Active,2023-02-14,hashedpassword2
53,42011-2586733-5,Fatima Zahra,1995-06-10,fatima.zahra@example.com,03010011225,Female,Pakistani,Active,2023-03-20,hashedpassword3
54,42011-2586734-3,Bilal Iqbal,1990-07-22,bilal.iqbal@example.com,03010011226,Male,Pakistani,Inactive,2023-04-25,hashedpassword4
55,42011-2586735-1,Mehwish Chaudhry,1993-01-30,mehwish.chaudhry@example.com,03010011227,Female,Pakistani,Active,2023-05-13,hashedpassword5
56,42011-2586736-0,Usman Raza,1989-09-05,usman.raza@example.com,03010011228,Male,Pakistani,Active,2023-06-10,hashedpassword6
57,42011-2586737-8,Ayesha Noor,1997-12-25,ayesha.noor@example.com,03010011229,Female,Pakistani,Active,2023-07-15,hashedpassword7
58,42011-2586738-6,Nashit Ali,1991-11-18,nashit.ali@example.com,03010011230,Male,Pakistani,Inactive,2023-08-20,hashedpassword8
59,42011-2586739-4,Zainab Bukhari,1994-05-19,zainab.bukhari@example.com,03010011231,Female,Pakistani,Active,2023-09-11,hashedpassword9
60,42011-2586740-2,Osman Tariq,1996-08-29,osman.tariq@example.com,03010011232,Male,Pakistani,Inactive,2023-10-03,hashedpassword10
61,42011-2586741-0,Rimsha Khalid,1992-04-12,rimsha.khalid@example.com,03010011233,Female,Pakistani,Active,2023-10-25,hashedpassword11
62,42011-2586742-8,Faizan Iqbal,1993-10-16,faizan.iqbal@example.com,03010011234,Male,Pakistani,Inactive,2023-11-17,hashedpassword12
63,42011-2586743-6,Maira Khan,1998-02-01,maira.khan@example.com,03010011235,Female,Pakistani,Active,2023-12-05,hashedpassword13
64,42011-2586744-4,Nabeel Ahmad,1994-12-21,nabeel.ahmad@example.com,03010011236,Male,Pakistani,Active,2024-01-13,hashedpassword14
65,42011-2586745-2,Sania Malik,1988-03-30,sania.malik@example.com,03010011237,Female,Pakistani,Inactive,2024-02-01,hashedpassword15
66,42011-2586746-0,Ali Hassan,1990-06-05,ali.hassan@example.com,03010011238,Male,Pakistani,Active,2024-03-01,hashedpassword16
67,42011-2586747-9,Fariha Rauf,1995-09-18,fariha.rauf@example.com,03010011239,Female,Pakistani,Active,2024-04-22,hashedpassword17
68,42011-2586748-7,Zeeshan Qureshi,1992-10-29,zeeshan.qureshi@example.com,03010011240,Male,Pakistani,Inactive,2024-05-16,hashedpassword18
69,42011-2586749-5,Sumbul Shah,1991-04-14,sumbul.shah@example.com,03010011241,Female,Pakistani,Active,2024-06-02,hashedpassword19
70,42011-2586750-3,Hassan Aslam,1993-08-08,hassan.aslam@example.com,03010011242,Male,Pakistani,Active,2024-07-12,hashedpassword20
71,42011-2586751-1,Raheel Tariq,1990-11-10,raheel.tariq@example.com,03010011243,Male,Pakistani,Inactive,2024-08-15,hashedpassword21
72,42011-2586752-9,Sana Saleem,1992-09-27,sana.saleem@example.com,03010011244,Female,Pakistani,Active,2024-09-09,hashedpassword22
73,42011-2586753-7,Shanaya Akhtar,1996-01-13,shanaya.akhtar@example.com,03010011245,Female,Pakistani,Inactive,2024-10-02,hashedpassword23
74,42011-2586754-5,Tariq Saeed,1991-12-01,tariq.saeed@example.com,03010011246,Male,Pakistani,Active,2024-11-05,hashedpassword24
75,42011-2586755-3,Uzma Nazir,1993-07-11,uzma.nazir@example.com,03010011247,Female,Pakistani,Active,2024-12-06,hashedpassword25
76,42011-2586756-1,Shahid Raza,1989-03-25,shahid.raza@example.com,03010011248,Male,Pakistani,Inactive,2025-01-18,hashedpassword26
77,42011-2586757-9,Samina Arshad,1992-10-18,samina.arshad@example.com,03010011249,Female,Pakistani,Active,2025-02-20,hashedpassword27
78,42011-2586758-7,Fawad Hassan,1990-05-22,fawad.hassan@example.com,03010011250,Male,Pakistani,Inactive,2025-03-21,hashedpassword28
79,42011-2586759-5,Ayesha Tariq,1996-12-30,ayesha.tariq@example.com,03010011251,Female,Pakistani,Active,2025-04-13,hashedpassword29
80,42011-2586760-3,Rizwan Bukhari,1991-08-02,rizwan.bukhari@example.com,03010011252,Male,Pakistani,Active,2025-05-10,hashedpassword30
81,42011-2586761-1,Maryam Ali,1994-11-23,maryam.ali@example.com,03010011253,Female,Pakistani,Inactive,2025-06-05,hashedpassword31
82,42011-2586762-9,Jameel Ahmed,1990-03-11,jameel.ahmed@example.com,03010011254,Male,Pakistani,Active,2025-07-17,hashedpassword32
83,42011-2586763-7,Zara Siddiqui,1995-04-03,zara.siddiqui@example.com,03010011255,Female,Pakistani,Inactive,2025-08-28,hashedpassword33
84,42011-2586764-5,Hassan Rauf,1989-07-09,hassan.rauf@example.com,03010011256,Male,Pakistani,Active,2025-09-20,hashedpassword34
85,42011-2586765-3,Nida Aslam,1992-11-12,nida.aslam@example.com,03010011257,Female,Pakistani,Inactive,2025-10-15,hashedpassword35
86,42011-2586766-1,Kamran Shah,1994-12-04,kamran.shah@example.com,03010011258,Male,Pakistani,Active,2025-11-01,hashedpassword36
87,42011-2586767-9,Areeba Mirza,1991-06-26,areeba.mirza@example.com,03010011259,Female,Pakistani,Inactive,2025-12-10,hashedpassword37
88,42011-2586768-7,Salman Javed,1993-05-14,salman.javed@example.com,03010011260,Male,Pakistani,Active,2026-01-25,hashedpassword38
89,42011-2586769-5,Mahira Usman,1996-03-20,mahira.usman@example.com,03010011261,Female,Pakistani,Inactive,2026-02-15,hashedpassword39
90,42011-2586770-3,Shahzad Younas,1990-10-07,shahzad.younas@example.com,03010011262,Male,Pakistani,Active,2026-03-11,hashedpassword40
