338,42101-5674321-9,Imran Khan,1980-03-12,imran@adventuretours.com,03012345678,Male,Pakistani,Active,2022-01-15,hashedpassword1,4,Adventure Tours
339,52312-6823597-6,Sarah Ali,1990-07-22,sarah@exploreworld.com,03123456789,Female,Pakistani,Active,2021-03-08,hashedpassword2,5,Explore World
340,31445-9812274-0,Ali Aslam,1985-05-15,ali@holidayspack.com,03215678901,Male,Pakistani,Inactive,2019-05-25,hashedpassword3,3,Holidays Pack
341,78234-6719485-8,Ayesha Khan,1992-09-07,ayesha@luxurytravels.com,03314567890,Female,Pakistani,Active,2020-07-11,hashedpassword4,4,Luxury Travels
342,46329-1562987-0,Zahid Mehmood,1983-04-10,zahid@wildexpeditions.com,03456789012,Male,Pakistani,Active,2018-11-23,hashedpassword5,4,Wild Expeditions
343,56378-5926378-1,Farah Shah,1987-09-17,farah@culturaljourneys.com,03567890123,Female,Pakistani,Active,2017-09-15,hashedpassword6,4,Cultural Journeys
344,65123-2049312-4,Tariq Jameel,1994-02-12,tariq@pilgrimagetrips.com,03678901234,Male,Pakistani,Active,2022-05-01,hashedpassword7,5,Pilgrimage Trips
345,27195-3482013-5,Shazia Baloch,1991-06-25,shazia@ecoexplore.com,03789012345,Female,Pakistani,Active,2019-02-18,hashedpassword8,3,Eco Explore
346,89231-1059321-0,Hassan Raza,1988-08-30,hassan@mountaintrailz.com,03890123456,Male,Pakistani,Inactive,2020-06-10,hashedpassword9,3,Mountain Trailz
347,18247-7281094-7,Mehmood Akhtar,1995-01-20,mehmood@wateradventures.com,03901234567,Male,Pakistani,Active,2021-12-12,hashedpassword10,4,Water Adventures
348,45329-9920121-0,Nadia Khan,1986-11-10,nadia@adventurerealm.com,04012345678,Female,Pakistani,Active,2020-04-15,hashedpassword11,5,Adventure Realm
349,67453-5124938-4,Bilal Tariq,1993-01-17,bilal@turkeytours.com,04123456789,Male,Pakistani,Active,2022-07-05,hashedpassword12,3,Turkey Tours
350,92135-6082384-3,Sana Ali,1989-04-25,sana@globetrotters.com,04234567890,Female,Pakistani,Active,2021-10-01,hashedpassword13,4,Globetrotters
351,29384-1028394-1,Asim Malik,1985-06-05,asim@seaexpedition.com,04345678901,Male,Pakistani,Active,2019-08-30,hashedpassword14,5,Sea Expedition
352,18475-7583942-2,Amina Khan,1992-12-14,amina@historicaljourneys.com,04456789012,Female,Pakistani,Inactive,2022-03-17,hashedpassword15,4,Historical Journeys
