37,338,3,51,2,51,5,5,4,2025-04-01,1,Excellent service! Highly recommend it.
38,339,4,52,3,52,4,4,3,2025-04-02,1,"Very good experience, but the price could be lower."
39,340,5,53,4,53,3,3,3,2025-04-03,1,"Good, but there were some delays in communication."
40,341,6,54,5,54,5,4,4,2025-04-04,1,Great customer support and timely service.
41,342,7,55,6,55,4,4,4,2025-04-05,1,"Nice service, will use again for sure."
42,343,8,56,7,51,2,2,2,2025-04-06,0,"Not satisfied, service was below expectations."
43,344,9,57,8,52,5,5,5,2025-04-07,1,"Fantastic experience, exceeded my expectations."
44,345,10,58,9,53,3,2,3,2025-04-08,1,"Service was decent, but not what I expected."
45,346,11,59,10,54,4,4,3,2025-04-09,1,"Good overall, but room for improvement."
46,347,12,60,11,55,5,5,5,2025-04-10,1,"Everything was perfect, highly recommended."
47,348,13,61,12,51,4,4,4,2025-04-11,1,"Great value for money, would use again."
48,349,14,62,13,52,3,3,3,2025-04-12,0,"Decent service, but had some issues with the delivery."
49,350,15,63,14,53,5,5,5,2025-04-13,1,"Amazing service, will definitely come back!"
50,351,16,64,15,54,4,4,4,2025-04-14,1,Good service but could improve on the response time.
51,352,17,65,16,55,2,2,2,2025-04-15,0,"Service was okay but not great, wouldn’t use again."
52,338,3,66,17,51,5,5,5,2025-04-16,1,"Exceptional service, would highly recommend!"
53,339,4,67,18,52,4,4,3,2025-04-17,1,"Good, but could be more efficient in certain areas."
54,340,5,68,19,53,3,3,3,2025-04-18,1,Satisfactory service but didn’t meet expectations.
55,341,6,69,20,54,5,5,5,2025-04-19,1,Absolutely amazing! I am very impressed.
56,342,7,70,21,55,4,4,4,2025-04-20,1,"A solid experience, but there’s room for improvement."
57,343,8,71,22,51,2,2,2,2025-04-21,0,Not great. The service was slow and unprofessional.
58,344,9,72,23,52,5,5,5,2025-04-22,1,"One of the best experiences I’ve had, will return soon!"
59,345,10,73,24,53,3,3,3,2025-04-23,1,"The service was okay, but communication was lacking."
60,346,11,74,25,54,4,4,4,2025-04-24,1,"Really good, just a few small things could be better."
61,347,12,75,26,55,5,5,5,2025-04-25,1,"Highly recommend, very satisfied with everything!"
62,348,13,76,27,51,4,4,4,2025-04-26,1,"Good service, but they need to improve on follow-ups."
63,349,14,77,28,52,3,3,3,2025-04-27,0,"Service was okay, but had a few issues with the product quality."
64,350,15,78,29,53,5,5,5,2025-04-28,1,"Wonderful experience, exceeded all expectations!"
65,351,16,79,30,54,4,4,4,2025-04-29,1,"Service was good, though I think there’s some room to grow."
66,352,17,80,31,55,2,2,2,2025-04-30,0,"Disappointed with the service, not as expected."
67,338,3,81,32,51,5,5,5,2025-05-01,1,"Fantastic service, couldn’t be happier!"
68,339,4,82,33,52,3,3,3,2025-05-02,1,Good experience but definitely needs some improvements.
69,340,5,83,34,53,4,4,4,2025-05-03,1,"Overall good service, but it took too long to complete."
70,341,6,84,35,54,5,5,5,2025-05-04,1,"Impressive service, will definitely recommend!"
71,342,7,85,36,55,4,4,4,2025-05-05,1,"A positive experience, but there were some small issues."
